date,year,month_num,birth_month,births
2006-01-01,2006,1,January,1838
2006-02-01,2006,2,February,1751
2006-03-01,2006,3,March,1897
2006-04-01,2006,4,April,1860
2006-05-01,2006,5,May,2002
2006-06-01,2006,6,June,1941
2006-07-01,2006,7,July,2069
2006-08-01,2006,8,August,2050
2006-09-01,2006,9,September,2067
2006-10-01,2006,10,October,2048
2006-11-01,2006,11,November,1951
2006-12-01,2006,12,December,1925
2007-01-01,2007,1,January,2007
2007-02-01,2007,2,February,1800
2007-03-01,2007,3,March,2011
2007-04-01,2007,4,April,1951
2007-05-01,2007,5,May,2020
2007-06-01,2007,6,June,1951
2007-07-01,2007,7,July,2153
2007-08-01,2007,8,August,2228
2007-09-01,2007,9,September,2148
2007-10-01,2007,10,October,2160
2007-11-01,2007,11,November,1988
2007-12-01,2007,12,December,2088
2008-01-01,2008,1,January,2198
2008-02-01,2008,2,February,1946
2008-03-01,2008,3,March,2080
2008-04-01,2008,4,April,2108
2008-05-01,2008,5,May,2065
2008-06-01,2008,6,June,2065
2008-07-01,2008,7,July,2193
2008-08-01,2008,8,August,2156
2008-09-01,2008,9,September,2184
2008-10-01,2008,10,October,2283
2008-11-01,2008,11,November,2025
2008-12-01,2008,12,December,2134
2009-01-01,2009,1,January,2056
2009-02-01,2009,2,February,1877
2009-03-01,2009,3,March,2158
2009-04-01,2009,4,April,2122
2009-05-01,2009,5,May,2006
2009-06-01,2009,6,June,2083
2009-07-01,2009,7,July,2158
2009-08-01,2009,8,August,2037
2009-09-01,2009,9,September,2171
2009-10-01,2009,10,October,2075
2009-11-01,2009,11,November,2060
2009-12-01,2009,12,December,2142
2010-01-01,2010,1,January,2145
2010-02-01,2010,2,February,1884
2010-03-01,2010,3,March,2147
2010-04-01,2010,4,April,2034
2010-05-01,2010,5,May,2060
2010-06-01,2010,6,June,2070
2010-07-01,2010,7,July,2255
2010-08-01,2010,8,August,2082
2010-09-01,2010,9,September,2198
2010-10-01,2010,10,October,2201
2010-11-01,2010,11,November,2166
2010-12-01,2010,12,December,2246
2011-01-01,2011,1,January,2118
2011-02-01,2011,2,February,1957
2011-03-01,2011,3,March,2110
2011-04-01,2011,4,April,2009
2011-05-01,2011,5,May,2067
2011-06-01,2011,6,June,2017
2011-07-01,2011,7,July,2231
2011-08-01,2011,8,August,2165
2011-09-01,2011,9,September,2218
2011-10-01,2011,10,October,2066
2011-11-01,2011,11,November,2101
2011-12-01,2011,12,December,2125
2012-01-01,2012,1,January,2124
2012-02-01,2012,2,February,1966
2012-03-01,2012,3,March,2144
2012-04-01,2012,4,April,2038
2012-05-01,2012,5,May,2141
2012-06-01,2012,6,June,2012
2012-07-01,2012,7,July,2100
2012-08-01,2012,8,August,2111
2012-09-01,2012,9,September,2244
2012-10-01,2012,10,October,2198
2012-11-01,2012,11,November,2132
2012-12-01,2012,12,December,2063
2013-01-01,2013,1,January,2053
2013-02-01,2013,2,February,1858
2013-03-01,2013,3,March,1894
2013-04-01,2013,4,April,1939
2013-05-01,2013,5,May,2053
2013-06-01,2013,6,June,1884
2013-07-01,2013,7,July,2216
2013-08-01,2013,8,August,2086
2013-09-01,2013,9,September,2154
2013-10-01,2013,10,October,2019
2013-11-01,2013,11,November,1910
2013-12-01,2013,12,December,2002
2014-01-01,2014,1,January,2079
2014-02-01,2014,2,February,1782
2014-03-01,2014,3,March,1996
2014-04-01,2014,4,April,2014
2014-05-01,2014,5,May,2018
2014-06-01,2014,6,June,1911
2014-07-01,2014,7,July,2109
2014-08-01,2014,8,August,2175
2014-09-01,2014,9,September,2190
2014-10-01,2014,10,October,2167
2014-11-01,2014,11,November,1964
2014-12-01,2014,12,December,1990
2015-01-01,2015,1,January,1993
2015-02-01,2015,2,February,1712
2015-03-01,2015,3,March,1999
2015-04-01,2015,4,April,1928
2015-05-01,2015,5,May,2027
2015-06-01,2015,6,June,1936
2015-07-01,2015,7,July,2173
2015-08-01,2015,8,August,2144
2015-09-01,2015,9,September,2158
2015-10-01,2015,10,October,2133
2015-11-01,2015,11,November,2025
2015-12-01,2015,12,December,2034
2016-01-01,2016,1,January,1910
2016-02-01,2016,2,February,1849
2016-03-01,2016,3,March,1985
2016-04-01,2016,4,April,1927
2016-05-01,2016,5,May,2015
2016-06-01,2016,6,June,2025
2016-07-01,2016,7,July,2059
2016-08-01,2016,8,August,2094
2016-09-01,2016,9,September,2136
2016-10-01,2016,10,October,2030
2016-11-01,2016,11,November,2077
2016-12-01,2016,12,December,1949
2017-01-01,2017,1,January,1970
2017-02-01,2017,2,February,1741
2017-03-01,2017,3,March,1927
2017-04-01,2017,4,April,1830
2017-05-01,2017,5,May,1989
2017-06-01,2017,6,June,1776
2017-07-01,2017,7,July,2021
2017-08-01,2017,8,August,2041
2017-09-01,2017,9,September,2024
2017-10-01,2017,10,October,1997
2017-11-01,2017,11,November,1958
2017-12-01,2017,12,December,1901
2018-01-01,2018,1,January,1873
2018-02-01,2018,2,February,1695
2018-03-01,2018,3,March,1800
2018-04-01,2018,4,April,1800
2018-05-01,2018,5,May,1979
2018-06-01,2018,6,June,1936
2018-07-01,2018,7,July,1971
2018-08-01,2018,8,August,2020
2018-09-01,2018,9,September,2034
2018-10-01,2018,10,October,2007
2018-11-01,2018,11,November,1878
2018-12-01,2018,12,December,1824
2019-01-01,2019,1,January,1887
2019-02-01,2019,2,February,1680
2019-03-01,2019,3,March,1857
2019-04-01,2019,4,April,1849
2019-05-01,2019,5,May,1881
2019-06-01,2019,6,June,1759
2019-07-01,2019,7,July,1945
2019-08-01,2019,8,August,2007
2019-09-01,2019,9,September,1988
2019-10-01,2019,10,October,1929
2019-11-01,2019,11,November,1827
2019-12-01,2019,12,December,1820
2020-01-01,2020,1,January,1926
2020-02-01,2020,2,February,1667
2020-03-01,2020,3,March,1739
2020-04-01,2020,4,April,1654
2020-05-01,2020,5,May,1764
2020-06-01,2020,6,June,1737
2020-07-01,2020,7,July,1879
2020-08-01,2020,8,August,1830
2020-09-01,2020,9,September,1929
2020-10-01,2020,10,October,1930
2020-11-01,2020,11,November,1737
2020-12-01,2020,12,December,1663
2021-01-01,2021,1,January,1841
2021-02-01,2021,2,February,1649
2021-03-01,2021,3,March,1776
2021-04-01,2021,4,April,1712
2021-05-01,2021,5,May,1743
2021-06-01,2021,6,June,1763
2021-07-01,2021,7,July,1993
2021-08-01,2021,8,August,1911
2021-09-01,2021,9,September,1970
2021-10-01,2021,10,October,1869
2021-11-01,2021,11,November,1804
2021-12-01,2021,12,December,1861
2022-01-01,2022,1,January,1687
2022-02-01,2022,2,February,1606
2022-03-01,2022,3,March,1759
2022-04-01,2022,4,April,1652
2022-05-01,2022,5,May,1696
2022-06-01,2022,6,June,1648
2022-07-01,2022,7,July,1770
2022-08-01,2022,8,August,1808
2022-09-01,2022,9,September,1800
2022-10-01,2022,10,October,1789
2022-11-01,2022,11,November,1596
2022-12-01,2022,12,December,1707
2023-01-01,2023,1,January,1691
2023-02-01,2023,2,February,1496
2023-03-01,2023,3,March,1634
2023-04-01,2023,4,April,1485
2023-05-01,2023,5,May,1602
2023-06-01,2023,6,June,1675
2023-07-01,2023,7,July,1731
2023-08-01,2023,8,August,1772
2023-09-01,2023,9,September,1702
2023-10-01,2023,10,October,1743
2023-11-01,2023,11,November,1666
2023-12-01,2023,12,December,1672
2024-01-01,2024,1,January,1629
2024-02-01,2024,2,February,1577
2024-03-01,2024,3,March,1552
2024-04-01,2024,4,April,1580
2024-05-01,2024,5,May,1607
2024-06-01,2024,6,June,1534
2024-07-01,2024,7,July,1691
2024-08-01,2024,8,August,1711
2024-09-01,2024,9,September,1618
2024-10-01,2024,10,October,1612
2024-11-01,2024,11,November,1545
2024-12-01,2024,12,December,1569
2025-01-01,2025,1,January,1581
2025-02-01,2025,2,February,1411
2025-03-01,2025,3,March,1534
2025-04-01,2025,4,April,1600
2025-05-01,2025,5,May,1597
2025-06-01,2025,6,June,1578
2025-07-01,2025,7,July,1658
2025-08-01,2025,8,August,1589
2025-09-01,2025,9,September,1666
2025-10-01,2025,10,October,1640
2025-11-01,2025,11,November,1530
2025-12-01,2025,12,December,1611
