quarter_start_date,year,quarter,quarter_num,ni_house_price_index,standardised_price,quarterly_change_decimal,annual_change_decimal,housing_value,housing_regime,is_high_cost_pressure,housing_lag3,housing_lag4,housing_diff_1q,housing_diff_4q,housing_volatility_4q
2005-01-01,2005,Q1,1,65.18769406048092,105916.226500825,NA,NA,105916.226500825,Low_Cost,0,NA,NA,NA,NA,NA
2005-04-01,2005,Q2,2,67.56627236463876,109780.91357166096,0.03648814915819854,NA,109780.91357166096,Low_Cost,0,NA,NA,3864.687070835964,NA,NA
2005-07-01,2005,Q3,3,71.8660876956208,116767.204789226,0.06363848678490036,NA,116767.204789226,Low_Cost,0,NA,NA,6986.291217565042,NA,NA
2005-10-01,2005,Q4,4,74.36350147867195,120824.974399338,0.03475093556822803,NA,120824.974399338,Medium_Cost,0,105916.226500825,NA,4057.7696101119946,NA,6721.826008255109
2006-01-01,2006,Q1,1,76.47657517979955,124258.272600282,0.028415468060412,0.17317503375475815,124258.272600282,Medium_Cost,0,109780.91357166096,105916.226500825,3433.298200944002,18342.046099457002,6223.2266328170745
2006-04-01,2006,Q2,2,83.82483485897654,136197.64164506705,0.0960851039929669,0.2406313375791144,136197.64164506705,Medium_Cost,0,116767.204789226,109780.91357166096,11939.369044785053,26416.72807340609,8370.476069393651
2006-07-01,2006,Q3,3,93.50000220095876,151917.74388823003,0.11542125144963668,0.30103092013253163,151917.74388823003,High_Cost,1,120824.974399338,116767.204789226,15720.102243162983,35150.53909900403,14052.233656747076
2006-10-01,2006,Q4,4,104.74806908789532,170193.475485483,0.1203001777771213,0.40859517108588417,170193.475485483,High_Cost,1,124258.272600282,120824.974399338,18275.731597252976,49368.501086145014,19904.937510737698
2007-01-01,2007,Q1,1,115.87821193115556,188277.60543307,0.10625630563099736,0.5152118365489189,188277.60543307,High_Cost,1,136197.64164506705,124258.272600282,18084.129947587004,64019.332832788015,22542.993394357123
2007-04-01,2007,Q2,2,126.24612154048064,205123.267460976,0.08947246800360346,0.5060706263587865,205123.267460976,High_Cost,1,151917.74388823003,136197.64164506705,16845.662027905986,68925.62581590895,22945.17394463676
2007-07-01,2007,Q3,3,130.85849415793436,212617.398215213,0.0365347668599448,0.39955605430555313,212617.398215213,High_Cost,1,170193.475485483,151917.74388823003,7494.130754237005,60699.65432698297,18884.03024777864
2007-10-01,2007,Q4,4,124.8004715098619,202774.391675588,-0.04629445483883515,0.19143457818912513,202774.391675588,High_Cost,1,188277.60543307,170193.475485483,-9843.006539625,32580.916190104996,10185.457951385217
2008-01-01,2008,Q1,1,115.5353657794423,187720.552891434,-0.07423934876469959,-0.00295867657948445,187720.552891434,High_Cost,1,205123.267460976,188277.60543307,-15053.83878415401,-557.0525416360178,10439.865239233652
2008-04-01,2008,Q2,2,108.2448751408726,175875.04632909902,-0.06310180947093981,-0.14258851028414346,175875.04632909902,High_Cost,1,212617.398215213,205123.267460976,-11845.50656233498,-29248.221131876984,16220.478247330855
2008-07-01,2008,Q3,3,97.89542714751497,159059.380525582,-0.09561143638337254,-0.2518985658709779,159059.380525582,High_Cost,1,202774.391675588,212617.398215213,-16815.66580351701,-53558.017689631,18497.163038272243
2008-10-01,2008,Q4,4,89.56536095953928,145524.783392664,-0.08509147394007904,-0.282331549905549,145524.783392664,Medium_Cost,0,187720.552891434,202774.391675588,-13534.597132918017,-57249.60828292402,18550.27445208793
2009-01-01,2009,Q1,1,81.65331221389509,132669.37626242096,-0.08833826672365463,-0.29326131732017235,132669.37626242096,Medium_Cost,0,175875.04632909902,187720.552891434,-12855.407130243024,-55051.17662901303,18519.166062220753
2009-04-01,2009,Q2,2,82.40975335925562,133898.433262232,0.00926405953231865,-0.23867293253370656,133898.433262232,Medium_Cost,0,159059.380525582,175875.04632909902,1229.0569998110295,-41976.61306686702,12297.137209860453
2009-07-01,2009,Q3,3,82.62834573771453,134253.599681322,0.00265250616035677,-0.15595295770858666,134253.599681322,Medium_Cost,0,145524.783392664,159059.380525582,355.16641909000464,-24805.780844260007,5997.357614188299
2009-10-01,2009,Q4,4,82.703938804115,134376.42243887097,9.148563453082528e-4,-0.07660798864556459,134376.42243887097,Medium_Cost,0,132669.37626242096,145524.783392664,122.82275754897273,-11148.360953793017,780.1737982824039
2010-01-01,2010,Q1,1,79.03900474066926,128421.67910933404,-0.04431389987514585,-0.03201716381544353,128421.67910933404,Medium_Cost,0,133898.433262232,132669.37626242096,-5954.7433295369265,-4247.69715308692,2884.365961494411
2010-04-01,2010,Q2,2,78.34785162550841,127298.701361046,-0.00874445620144826,-0.04928908980032768,127298.701361046,Medium_Cost,0,134253.599681322,133898.433262232,-1122.9777482880454,-6599.7319011859945,3755.12068639199
2010-07-01,2010,Q3,3,76.97832136582946,125073.504116773,-0.01748012525250996,-0.06837876665012542,125073.504116773,Medium_Cost,0,134376.42243887097,134253.599681322,-2225.197244273004,-9180.095564549003,3974.0853314909673
2010-10-01,2010,Q4,4,72.52351078236919,117835.37836963002,-0.05787097593735987,-0.1230948388789347,117835.37836963002,Low_Cost,0,128421.67910933404,134376.42243887097,-7238.125747142971,-16541.044069240947,4756.027467879185
2011-01-01,2011,Q1,1,69.32517376991541,112638.75664034,-0.04410069200940157,-0.12289920657054564,112638.75664034,Low_Cost,0,127298.701361046,128421.67910933404,-5196.6217292900255,-15782.922468994046,6729.526051670715
2011-04-01,2011,Q2,2,68.2293114927992,110858.21203250198,-0.01580756624935826,-0.12914891631074196,110858.21203250198,Low_Cost,0,125073.504116773,127298.701361046,-1780.5446078380191,-16440.48932854402,6376.676281372556
2011-07-01,2011,Q3,3,67.04432189854722,108932.854369913,-0.01736774955404665,-0.1290493127288681,108932.854369913,Low_Cost,0,117835.37836963002,125073.504116773,-1925.3576625889837,-16140.64974686,3824.828034545768
2011-10-01,2011,Q4,4,65.159003522487,105869.610439859,-0.02812047795655427,-0.10154648031287168,105869.610439859,Low_Cost,0,112638.75664034,117835.37836963002,-3063.243930053999,-11965.767929771027,2896.8661569583305
2012-01-01,2012,Q1,1,60.9891078125592,99094.4111501315,-0.0639956949078991,-0.12024587179576258,99094.4111501315,Low_Cost,0,110858.21203250198,112638.75664034,-6775.19928972749,-13544.345490208492,5156.403082240497
2012-04-01,2012,Q2,2,61.14931590666676,99354.7154457094,0.00262683124665366,-0.1037676539778604,99354.7154457094,Low_Cost,0,108932.854369913,110858.21203250198,260.30429557789466,-11503.496586792578,4884.79029012366
2012-07-01,2012,Q3,3,59.45961064146922,96609.3014811925,-0.02763244756125423,-0.11312980789865155,96609.3014811925,Low_Cost,0,105869.610439859,108932.854369913,-2745.4139645169053,-12323.5528887205,3956.864609340259
2012-10-01,2012,Q4,4,58.038946958393765,94301.0232301087,-0.02389291937415803,-0.10927202963802282,94301.0232301087,Low_Cost,0,99094.4111501315,105869.610439859,-2308.2782510838006,-11568.587209750302,2373.9093544156435
2013-01-01,2013,Q1,1,56.74693619524904,92201.7787852327,-0.02226109932819636,-0.06955621699448086,92201.7787852327,Low_Cost,0,99354.7154457094,99094.4111501315,-2099.2444448759925,-6892.632364898804,3074.1236929482443
2013-04-01,2013,Q2,2,57.795933173232385,93906.17718618982,0.01848552623835165,-0.05483925181685921,93906.17718618982,Low_Cost,0,96609.3014811925,99354.7154457094,1704.398400957114,-5448.538259519584,1814.9607502869762
2013-07-01,2013,Q3,3,58.923105552540065,95737.59409321308,0.01950262444814575,-0.0090230171900079,95737.59409321308,Low_Cost,0,94301.0232301087,96609.3014811925,1831.4169070232601,-871.7073879794189,1454.5193413153631
2013-10-01,2013,Q4,4,59.33941503294812,96414.0090187116,0.00706530106490808,0.02240681719271398,96414.0090187116,Low_Cost,0,92201.7787852327,94301.0232301087,676.4149254985241,2112.985788602906,1898.4794986195443
2014-01-01,2014,Q1,1,60.324215239858766,98014.1012336077,0.01659605519137389,0.0630391574322425,98014.1012336077,Low_Cost,0,93906.17718618982,92201.7787852327,1600.0922148960963,5812.322448374995,1700.9474167546125
2014-04-01,2014,Q2,2,62.33980403400293,101289.007062537,0.0334125986741784,0.07861921438574485,101289.007062537,Low_Cost,0,95737.59409321308,93906.17718618982,3274.9058289293025,7382.829876347183,2475.027223411061
2014-07-01,2014,Q3,3,63.55450042235985,103262.631987504,0.01948508512626021,0.07860065803371655,103262.631987504,Low_Cost,0,96414.0090187116,95737.59409321308,1973.6249249670072,7525.03789429093,3101.0323039210803
2014-10-01,2014,Q4,4,64.5060656892874,104808.724448586,0.01497242934180573,0.08706945718070365,104808.724448586,Low_Cost,0,98014.1012336077,96414.0090187116,1546.092461081993,8394.715429874399,2931.339222050702
2015-01-01,2015,Q1,1,64.61673605209612,104988.540399789,0.00171565823502235,0.07115750773001517,104988.540399789,Low_Cost,0,101289.007062537,98014.1012336077,179.81595120299608,6974.439166181299,1716.8684733564387
2015-04-01,2015,Q2,2,66.5971729454639,108206.331818732,0.0306489775616504,0.06829294665634195,108206.331818732,Low_Cost,0,103262.631987504,101289.007062537,3217.791418943001,6917.3247561949975,2076.4469051903498
2015-07-01,2015,Q3,3,68.56319297662952,111400.698883364,0.02952107340615781,0.0788094080038981,111400.698883364,Low_Cost,0,104808.724448586,103262.631987504,3194.3670646320097,8138.06689586,3118.5484810599546
2015-10-01,2015,Q4,4,69.16886863271952,112384.793824918,0.00883383094915738,0.072284720725209,112384.793824918,Low_Cost,0,104988.540399789,104808.724448586,984.0949415539944,7576.069376332001,3351.697223022198
2016-01-01,2016,Q1,1,69.22433758990198,112474.919157887,8.01935296599841e-4,0.0713066276527967,112474.919157887,Low_Cost,0,108206.331818732,104988.540399789,90.12533296899346,7486.378758097999,2000.3099380798303
2016-04-01,2016,Q2,2,71.78620084356034,116637.4055374,0.03700812955170939,0.07791663922950169,116637.4055374,Low_Cost,0,111400.698883364,108206.331818732,4162.486379513008,8431.073718668005,2326.7396796989424
2016-07-01,2016,Q3,3,72.64900478440752,118039.279601848,0.0120190779106342,0.0595919126632666,118039.279601848,Low_Cost,0,112384.793824918,111400.698883364,1401.8740644479985,6638.580718483994,2891.3619809241964
2016-10-01,2016,Q4,4,72.84038364913825,118350.229812259,0.00263429437607104,0.05308045496470585,118350.229812259,Medium_Cost,0,112474.919157887,112384.793824918,310.9502104109997,5965.435987340999,2704.9858782410074
2017-01-01,2017,Q1,1,72.68118630953501,118091.567779144,-0.0021855642656973,0.04993689849532476,118091.567779144,Low_Cost,0,116637.4055374,112474.919157887,-258.6620331150043,5616.648621257002,773.5166367876266
2017-04-01,2017,Q2,2,74.07481482501738,120355.919596328,0.01917454277021819,0.03188097370474439,120355.919596328,Medium_Cost,0,118039.279601848,116637.4055374,2264.3518171840115,3718.5140589280054,1106.1657372858738
2017-07-01,2017,Q3,3,75.06463450538452,121964.167394807,0.01336243205879525,0.03325069253385637,121964.167394807,Medium_Cost,0,118350.229812259,118039.279601848,1608.2477984789875,3924.8877929589944,1822.5673358474548
2017-10-01,2017,Q4,4,75.48602208631351,122648.833160479,0.00561366326107624,0.03632103930038217,122648.833160479,Medium_Cost,0,118091.567779144,118350.229812259,684.6657656720054,4298.60334822,2024.962252648091
2018-01-01,2018,Q1,1,75.8880825019512,123302.096367032,0.00532628961661221,0.04412278273442937,123302.096367032,Medium_Cost,0,120355.919596328,118091.567779144,653.2632065530051,5210.5285878880095,1265.222151793055
2018-04-01,2018,Q2,2,76.9384179416575,125008.669485427,0.01384058478061158,0.03865825548676218,125008.669485427,Medium_Cost,0,121964.167394807,120355.919596328,1706.5731183949974,4652.7498890989955,1304.983596039951
2018-07-01,2018,Q3,3,78.40869145982639,127397.553234314,0.01910974461788116,0.04454903399552279,127397.553234314,Medium_Cost,0,122648.833160479,121964.167394807,2388.8837488869904,5433.385839506998,2120.099191136966
2018-10-01,2018,Q4,4,79.65781854225776,129427.12076079202,0.01593097728293778,0.05526581399631921,129427.12076079202,Medium_Cost,0,123302.096367032,122648.833160479,2029.5675264780293,6778.287600313022,2685.6052106144866
2019-01-01,2019,Q1,1,78.8830639136432,128168.30822094702,-0.00972603371260485,0.03946576738995862,128168.30822094702,Medium_Cost,0,125008.669485427,123302.096367032,-1258.8125398450065,4866.211853915011,1859.897192093658
2019-04-01,2019,Q2,2,79.77204843571145,129612.720197044,0.01126965001057092,0.03682985132606566,129612.720197044,Medium_Cost,0,127397.553234314,125008.669485427,1444.411976096977,4604.05071161699,1053.785018580827
2019-07-01,2019,Q3,3,81.44808833101844,132335.93082344,0.02101036551239763,0.03876351989306344,132335.93082344,Medium_Cost,0,129427.12076079202,127397.553234314,2723.2106263960013,4938.377589126001,1754.7913544300407
2019-10-01,2019,Q4,4,81.62506467395869,132623.47997967803,0.00217287288832353,0.02469620895602766,132623.47997967803,Medium_Cost,0,128168.30822094702,129427.12076079202,287.5491562380339,3196.3592188860057,2157.6838395023055
2020-01-01,2020,Q1,1,81.96347382385316,133173.32333104598,0.00414589747948388,0.03905033295337295,133173.32333104598,Medium_Cost,0,129612.720197044,128168.30822094702,549.8433513679483,5005.015110098961,1587.5737175114832
2020-04-01,2020,Q2,2,82.03265929935942,133285.73510753002,8.441013085285415e-4,0.02833838302986292,133285.73510753002,Medium_Cost,0,132335.93082344,129612.720197044,112.41177648404846,3673.014910486032,450.88661546129657
2020-07-01,2020,Q3,3,83.71110351644965,136012.85224871003,0.02046068275033158,0.02778475507287474,136012.85224871003,Medium_Cost,0,132623.47997967803,132335.93082344,2727.1171411800024,3676.921425270033,1520.4572428207625
2020-10-01,2020,Q4,4,85.89620776478725,139563.18486639895,0.02610292012108299,0.05232636700367854,139563.18486639895,Medium_Cost,0,133173.32333104598,132623.47997967803,3550.332617688924,6939.704886720923,3004.91675419627
2021-01-01,2021,Q1,1,86.83379952342763,141086.57332958604,0.01091540340416217,0.05942068426774139,141086.57332958604,Medium_Cost,0,133285.73510753002,133173.32333104598,1523.3884631870897,7913.249998540065,3516.2105556035563
2021-04-01,2021,Q2,2,89.88514278485768,146044.361278175,0.03514004083866905,0.09572386842711526,146044.361278175,High_Cost,1,136012.85224871003,133285.73510753002,4957.787948588957,12758.626170644973,4162.177936934945
2021-07-01,2021,Q3,3,92.66597199884752,150562.62106837097,0.03093758465340407,0.10697348507224246,150562.62106837097,High_Cost,1,139563.18486639895,136012.85224871003,4518.259790195967,14549.768819660938,5000.864679184597
2021-10-01,2021,Q4,4,92.65171731770658,150539.460224009,-1.538286474901228e-4,0.07864735508950751,150539.460224009,High_Cost,1,141086.57332958604,139563.18486639895,-23.160844361962518,10976.275357610051,4512.51348307228
2022-01-01,2022,Q1,1,95.4496960048278,155085.584283785,0.03019888641164464,0.0992228432786202,155085.584283785,High_Cost,1,146044.361278175,141086.57332958604,4546.12405977599,13999.010954198951,3691.084711180048
2022-04-01,2022,Q2,2,98.6057614103409,160213.523585205,0.03306522218104767,0.09701957804479704,160213.523585205,High_Cost,1,150562.62106837097,146044.361278175,5127.939301420003,14169.162307029997,4602.066197413307
2022-07-01,2022,Q3,3,102.39046535461588,166362.867659694,0.03838217858817805,0.10494136246570966,166362.867659694,High_Cost,1,150539.460224009,150562.62106837097,6149.344074488996,15800.246591323026,6806.383542461286
2022-10-01,2022,Q4,4,102.00027341551672,165728.88821931,-0.00381082298774392,0.10089997647591945,165728.88821931,High_Cost,1,155085.584283785,150539.460224009,-633.9794403839915,15189.427995300997,5286.684610162767
2023-01-01,2023,Q1,1,100,162478.866643997,-0.01961047111480023,0.04767227330867595,162478.866643997,High_Cost,1,160213.523585205,155085.584283785,-3250.0215753130033,7393.282360212004,2878.3023472811647
2023-04-01,2023,Q2,2,101.2977289772377,164587.401978323,0.01297728977237696,0.02730030708544869,164587.401978323,High_Cost,1,166362.867659694,160213.523585205,2108.5353343260067,4373.878393118008,1706.6347134286175
2023-07-01,2023,Q3,3,104.46059654915584,169726.39336262597,0.03122347957700882,0.02021800748116869,169726.39336262597,High_Cost,1,165728.88821931,166362.867659694,5138.991384302964,3363.5257029319764,3044.4960679134088
2023-10-01,2023,Q4,4,103.49496677610676,168157.449051399,-0.00924396188561581,0.01465381719616713,168157.449051399,High_Cost,1,162478.866643997,165728.88821931,-1568.94431122698,2428.560832088988,3301.955452892618
2024-01-01,2024,Q1,1,104.05041145210136,169059.92926578998,0.00536687621917126,0.04050411452101372,169059.92926578998,High_Cost,1,164587.401978323,162478.866643997,902.480214390991,6581.062621792982,2289.071865599049
2024-04-01,2024,Q2,2,107.96372694051676,175418.239919571,0.03760980311180063,0.06580599615196654,175418.239919571,High_Cost,1,169726.39336262597,164587.401978323,6358.310653781024,10830.837941247999,3282.07945783605
2024-07-01,2024,Q3,3,111.07119978208692,180467.226573824,0.02878256364086293,0.06328322306507535,180467.226573824,High_Cost,1,168157.449051399,169726.39336262597,5048.986654253007,10740.833211198042,5781.515009774603
2024-10-01,2024,Q4,4,112.21128771943958,182319.62853318,0.01026447845696656,0.08421975691039209,182319.62853318,High_Cost,1,169059.92926578998,168157.449051399,1852.4019593559788,14162.179481781,5936.658676922788
2025-01-01,2025,Q1,1,113.44357398485216,184321.833291032,0.01098183872992931,0.09027511185839804,184321.833291032,High_Cost,1,175418.239919571,169059.92926578998,2002.2047578520142,15261.904025242024,3815.4686891099095
2025-04-01,2025,Q2,2,114.14122817932846,185455.373919311,0.00614979033161857,0.05721830297888147,185455.373919311,High_Cost,1,180467.226573824,175418.239919571,1133.5406282790063,10037.133999740006,2204.1180639624367
2025-07-01,2025,Q3,3,118.89453114863944,193178.48671200295,0.0416440496140711,0.07043528279068992,193178.48671200295,High_Cost,1,182319.62853318,180467.226573824,7723.1127926919435,12711.260138178943,4753.316555755177
2025-10-01,2025,Q4,4,120.59144280538546,195935.609539834,0.01427241135779897,0.07468192600105139,195935.609539834,High_Cost,1,184321.833291032,182319.62853318,2757.1228278310446,13615.981006654009,5713.205165013628
