quarter_start_date,year,quarter,quarter_num,quarterly_births,emp_rate,emp_at_conception,emp_momentum_lag3,emp_volatility_lag3,emp_regime_at_conception,is_emp_peak_at_conception,he_pct,fe_pct,total_girls,he_at_conception,fe_at_conception,is_edu_covid_grading,ni_house_price_index,standardised_price,quarterly_change_decimal,annual_change_decimal,housing_value,housing_regime,is_high_cost_pressure,housing_lag3,housing_lag4,housing_diff_1q,housing_diff_4q,housing_volatility_4q
2007-10-01,2007,Q4,4,6236,61.6,62.6,1.6000000000000014,0.6946221994724913,Low_Intensity,0,45.8,29.8,12147,44.8,30.35,0,124.8004715098619,202774.391675588,-0.04629445483883515,0.19143457818912513,202774.391675588,High_Cost,1,188277.60543307,170193.475485483,-9843.006539625,32580.916190104996,10185.457951385217
2008-01-01,2008,Q1,1,6224,62,62,0.20000000000000284,0.7041543391425881,Low_Intensity,0,46.3,29.8,12083,45.05,30.075,0,115.5353657794423,187720.552891434,-0.07423934876469959,-0.00295867657948445,187720.552891434,High_Cost,1,205123.267460976,188277.60543307,-15053.83878415401,-557.0525416360178,10439.865239233652
2008-04-01,2008,Q2,2,6238,62.3,61.7,0.8000000000000043,0.403112887414928,Low_Intensity,0,46.8,29.8,12019,45.3,29.8,0,108.2448751408726,175875.04632909902,-0.06310180947093981,-0.14258851028414346,175875.04632909902,High_Cost,1,212617.398215213,205123.267460976,-11845.50656233498,-29248.221131876984,16220.478247330857
2008-07-01,2008,Q3,3,6533,62.7,61.6,-0.19999999999999576,0.4499999999999997,Low_Intensity,0,47.3,29.8,11955,45.8,29.8,0,97.89542714751497,159059.380525582,-0.09561143638337254,-0.2518985658709779,159059.380525582,High_Cost,1,202774.391675588,212617.398215213,-16815.66580351701,-53558.017689631,18497.163038272243
2008-10-01,2008,Q4,4,6442,61.7,62,-0.6000000000000014,0.20615528128088192,Low_Intensity,0,47.675,30.475,11884,46.3,29.8,0,89.56536095953928,145524.783392664,-0.08509147394007904,-0.282331549905549,145524.783392664,Medium_Cost,0,187720.552891434,202774.391675588,-13534.597132918016,-57249.60828292402,18550.27445208793
2009-01-01,2009,Q1,1,6091,59.8,62.3,0.29999999999999716,0.31622776601683567,Low_Intensity,0,48.05,31.15,11813,46.8,29.8,0,81.65331221389509,132669.37626242096,-0.08833826672365463,-0.29326131732017235,132669.37626242096,Medium_Cost,0,175875.04632909902,187720.552891434,-12855.407130243024,-55051.17662901303,18519.166062220753
2009-04-01,2009,Q2,2,6211,59.2,62.7,1,0.4654746681256316,Low_Intensity,0,48.425,31.825,11742,47.3,29.8,0,82.40975335925562,133898.433262232,0.00926405953231865,-0.23867293253370656,133898.433262232,Medium_Cost,0,159059.380525582,175875.04632909902,1229.0569998110295,-41976.61306686702,12297.137209860452
2009-07-01,2009,Q3,3,6366,60.1,61.7,0.10000000000000142,0.4272001872658764,Low_Intensity,0,48.8,32.5,11671,47.675,30.475,0,82.62834573771453,134253.599681322,0.00265250616035677,-0.15595295770858666,134253.599681322,Medium_Cost,0,145524.783392664,159059.380525582,355.16641909000464,-24805.780844260007,5997.357614188299
2009-10-01,2009,Q4,4,6277,60.8,59.8,-2.200000000000003,1.2841988423397177,Low_Intensity,0,48.7,32.65,11614.25,48.05,31.15,0,82.703938804115,134376.42243887097,9.148563453082528e-4,-0.07660798864556459,134376.42243887097,Medium_Cost,0,132669.37626242096,145524.783392664,122.82275754897272,-11148.360953793015,780.1737982824039
2010-01-01,2010,Q1,1,6176,61.3,59.2,-3.0999999999999943,1.6299284237863547,Low_Intensity,0,48.599999999999994,32.8,11557.5,48.425,31.825,0,79.03900474066926,128421.67910933404,-0.04431389987514585,-0.03201716381544353,128421.67910933404,Medium_Cost,0,133898.433262232,132669.37626242096,-5954.7433295369265,-4247.69715308692,2884.365961494411
2010-04-01,2010,Q2,2,6164,61.6,60.1,-2.6000000000000014,1.067707825203132,Low_Intensity,0,48.5,32.95,11500.75,48.8,32.5,0,78.34785162550841,127298.701361046,-0.00874445620144826,-0.04928908980032768,127298.701361046,Medium_Cost,0,134253.599681322,133898.433262232,-1122.9777482880454,-6599.7319011859945,3755.12068639199
2010-07-01,2010,Q3,3,6535,61.3,60.8,-0.9000000000000057,0.6652067347825016,Low_Intensity,0,48.4,33.1,11444,48.7,32.65,0,76.97832136582946,125073.504116773,-0.01748012525250996,-0.06837876665012542,125073.504116773,Medium_Cost,0,134376.42243887097,134253.599681322,-2225.197244273004,-9180.095564549005,3974.0853314909673
2010-10-01,2010,Q4,4,6613,61.5,61.3,1.5,0.911043357914427,Low_Intensity,0,48.375,32.675,11411.25,48.599999999999994,32.8,0,72.52351078236919,117835.37836963002,-0.05787097593735987,-0.1230948388789347,117835.37836963002,Low_Cost,0,128421.67910933404,134376.42243887097,-7238.125747142971,-16541.044069240947,4756.027467879185
2011-01-01,2011,Q1,1,6185,61.8,61.6,2.3999999999999986,0.6557438524301996,Low_Intensity,0,48.349999999999994,32.25,11378.5,48.5,32.95,0,69.32517376991541,112638.75664034,-0.04410069200940157,-0.12289920657054564,112638.75664034,Low_Cost,0,127298.701361046,128421.67910933404,-5196.6217292900255,-15782.922468994046,6729.526051670715
2011-04-01,2011,Q2,2,6093,63.5,61.3,1.1999999999999955,0.33166247903554147,Low_Intensity,0,48.325,31.825,11345.75,48.4,33.1,0,68.2293114927992,110858.21203250198,-0.01580756624935826,-0.12914891631074196,110858.21203250198,Low_Cost,0,125073.504116773,127298.701361046,-1780.5446078380191,-16440.48932854402,6376.676281372556
2011-07-01,2011,Q3,3,6614,63.4,61.5,0.7000000000000028,0.15000000000000213,Low_Intensity,0,48.3,31.4,11313,48.375,32.675,0,67.04432189854722,108932.854369913,-0.01736774955404665,-0.1290493127288681,108932.854369913,Low_Cost,0,117835.37836963002,125073.504116773,-1925.3576625889837,-16140.64974686,3824.828034545768
2011-10-01,2011,Q4,4,6292,63.7,61.8,0.5,0.2081665999466134,Low_Intensity,0,48.599999999999994,31.875,11273,48.349999999999994,32.25,0,65.159003522487,105869.610439859,-0.02812047795655427,-0.10154648031287168,105869.610439859,Low_Cost,0,112638.75664034,117835.37836963002,-3063.243930053999,-11965.767929771027,2896.8661569583305
2012-01-01,2012,Q1,1,6234,63.5,63.5,1.8999999999999984,1.0045728777279763,Low_Intensity,0,48.9,32.349999999999994,11233,48.325,31.825,0,60.9891078125592,99094.4111501315,-0.0639956949078991,-0.12024587179576258,99094.4111501315,Low_Cost,0,110858.21203250198,112638.75664034,-6775.19928972749,-13544.345490208492,5156.403082240497
2012-04-01,2012,Q2,2,6191,63,63.4,2.1000000000000014,1.0472185381603345,Low_Intensity,0,49.2,32.824999999999996,11193,48.3,31.4,0,61.14931590666676,99354.7154457094,0.00262683124665366,-0.1037676539778604,99354.7154457094,Low_Cost,0,108932.854369913,110858.21203250198,260.30429557789466,-11503.496586792578,4884.79029012366
2012-07-01,2012,Q3,3,6455,63.1,63.7,2.200000000000003,0.875595035770915,Low_Intensity,0,49.5,33.3,11153,48.599999999999994,31.875,0,59.45961064146922,96609.3014811925,-0.02763244756125423,-0.11312980789865155,96609.3014811925,Low_Cost,0,105869.610439859,108932.854369913,-2745.4139645169053,-12323.5528887205,3956.864609340259
2012-10-01,2012,Q4,4,6393,63.7,63.5,1.7000000000000028,0.12583057392118097,Low_Intensity,0,49.3,33.275,11178.5,48.9,32.349999999999994,0,58.038946958393765,94301.0232301087,-0.02389291937415803,-0.10927202963802282,94301.0232301087,Low_Cost,0,99094.4111501315,105869.610439859,-2308.278251083801,-11568.587209750302,2373.9093544156435
2013-01-01,2013,Q1,1,5805,63.2,63,-0.5,0.29439202887759586,Low_Intensity,0,49.1,33.25,11204,49.2,32.824999999999996,0,56.74693619524904,92201.7787852327,-0.02226109932819636,-0.06955621699448086,92201.7787852327,Low_Cost,0,99354.7154457094,99094.4111501315,-2099.2444448759925,-6892.632364898804,3074.1236929482443
2013-04-01,2013,Q2,2,5876,62.1,63.1,-0.29999999999999716,0.33040379335998427,Low_Intensity,0,48.900000000000006,33.225,11229.5,49.5,33.3,0,57.795933173232385,93906.17718618982,0.01848552623835165,-0.05483925181685921,93906.17718618982,Low_Cost,0,96609.3014811925,99354.7154457094,1704.398400957114,-5448.538259519584,1814.960750286976
2013-07-01,2013,Q3,3,6456,62.2,63.7,0,0.3304037933599842,Low_Intensity,0,48.7,33.2,11255,49.3,33.275,0,58.923105552540065,95737.59409321308,0.01950262444814575,-0.0090230171900079,95737.59409321308,Low_Cost,0,94301.0232301087,96609.3014811925,1831.41690702326,-871.7073879794189,1454.5193413153631
2013-10-01,2013,Q4,4,5931,63.7,63.2,-0.29999999999999716,0.3109126351029615,Low_Intensity,0,48.55,33.45,11192.25,49.1,33.25,0,59.33941503294812,96414.0090187116,0.00706530106490808,0.02240681719271398,96414.0090187116,Low_Cost,0,92201.7787852327,94301.0232301087,676.4149254985241,2112.985788602906,1898.4794986195443
2014-01-01,2014,Q1,1,5857,64.2,62.1,-0.8999999999999986,0.6701989754294373,Low_Intensity,0,48.400000000000006,33.7,11129.5,48.900000000000006,33.225,0,60.324215239858766,98014.1012336077,0.01659605519137389,0.0630391574322425,98014.1012336077,Low_Cost,0,93906.17718618982,92201.7787852327,1600.0922148960965,5812.322448374995,1700.9474167546125
2014-04-01,2014,Q2,2,5943,64.3,62.2,-0.8999999999999986,0.7788880963698619,Low_Intensity,0,48.25,33.95,11066.75,48.7,33.2,0,62.33980403400293,101289.007062537,0.0334125986741784,0.07861921438574485,101289.007062537,Low_Cost,0,95737.59409321308,93906.17718618982,3274.9058289293025,7382.829876347183,2475.027223411061
2014-07-01,2014,Q3,3,6474,64.1,63.7,0,0.7788880963698619,Low_Intensity,0,48.1,34.2,11004,48.55,33.45,0,63.55450042235985,103262.631987504,0.01948508512626021,0.07860065803371655,103262.631987504,Low_Cost,0,96414.0090187116,95737.59409321308,1973.6249249670072,7525.03789429093,3101.0323039210803
2014-10-01,2014,Q4,4,6121,62.9,64.2,1,1.05987420637231,Transition,0,48.625,33.825,10995,48.400000000000006,33.7,0,64.5060656892874,104808.724448586,0.01497242934180573,0.08706945718070365,104808.724448586,Low_Cost,0,98014.1012336077,96414.0090187116,1546.092461081993,8394.715429874399,2931.339222050702
2015-01-01,2015,Q1,1,5704,63.4,64.3,2.1999999999999957,0.9695359714832644,Transition,0,49.150000000000006,33.45,10986,48.25,33.95,0,64.61673605209612,104988.540399789,0.00171565823502235,0.07115750773001517,104988.540399789,Low_Cost,0,101289.007062537,98014.1012336077,179.81595120299608,6974.439166181299,1716.8684733564387
2015-04-01,2015,Q2,2,5891,63.4,64.1,1.8999999999999917,0.26299556396765644,Transition,0,49.675,33.075,10977,48.1,34.2,0,66.5971729454639,108206.331818732,0.0306489775616504,0.06829294665634195,108206.331818732,Low_Cost,0,103262.631987504,101289.007062537,3217.791418943001,6917.3247561949975,2076.4469051903498
2015-07-01,2015,Q3,3,6475,62.6,62.9,-0.8000000000000043,0.6551081335677847,Low_Intensity,0,50.2,32.7,10968,48.625,33.825,0,68.56319297662952,111400.698883364,0.02952107340615781,0.0788094080038981,111400.698883364,Low_Cost,0,104808.724448586,103262.631987504,3194.3670646320097,8138.06689586,3118.5484810599546
2015-10-01,2015,Q4,4,6192,62.6,63.4,-0.8000000000000043,0.6448514040717687,Low_Intensity,0,50.225,32.550000000000004,11022,49.150000000000006,33.45,0,69.16886863271952,112384.793824918,0.00883383094915738,0.072284720725209,112384.793824918,Low_Cost,0,104988.540399789,104808.724448586,984.0949415539944,7576.069376332001,3351.697223022198
2016-01-01,2016,Q1,1,5744,63.5,63.4,-0.8999999999999986,0.49328828623162285,Low_Intensity,0,50.25,32.400000000000006,11076,49.675,33.075,0,69.22433758990198,112474.919157887,8.01935296599841e-4,0.0713066276527967,112474.919157887,Low_Cost,0,108206.331818732,104988.540399789,90.12533296899346,7486.378758097999,2000.3099380798303
2016-04-01,2016,Q2,2,5967,65.1,62.6,-1.499999999999993,0.39475730941089926,Low_Intensity,0,50.275,32.25,11130,50.2,32.7,0,71.78620084356034,116637.4055374,0.03700812955170939,0.07791663922950169,116637.4055374,Low_Cost,0,111400.698883364,108206.331818732,4162.486379513008,8431.073718668005,2326.7396796989424
2016-07-01,2016,Q3,3,6289,67,62.6,-0.29999999999999716,0.461880215351699,Low_Intensity,0,50.3,32.1,11184,50.225,32.550000000000004,0,72.64900478440752,118039.279601848,0.0120190779106342,0.0595919126632666,118039.279601848,Low_Cost,0,112384.793824918,111400.698883364,1401.8740644479983,6638.580718483994,2891.3619809241964
2016-10-01,2016,Q4,4,6056,66.2,63.5,0.10000000000000142,0.492442890089804,Low_Intensity,0,50.5,32.075,11087.5,50.25,32.400000000000006,0,72.84038364913825,118350.229812259,0.00263429437607104,0.05308045496470585,118350.229812259,Medium_Cost,0,112474.919157887,112384.793824918,310.9502104109997,5965.435987340999,2704.9858782410074
2017-01-01,2017,Q1,1,5638,65.1,65.1,1.6999999999999955,1.178982612255156,Transition,0,50.7,32.05,10991,50.275,32.25,0,72.68118630953501,118091.567779144,-0.0021855642656973,0.04993689849532476,118091.567779144,Low_Cost,0,116637.4055374,112474.919157887,-258.6620331150043,5616.648621257002,773.5166367876266
2017-04-01,2017,Q2,2,5595,66.5,67,4.399999999999999,1.9330459556530628,Transition,0,50.9,32.025,10894.5,50.3,32.1,0,74.07481482501738,120355.919596328,0.01917454277021819,0.03188097370474439,120355.919596328,Medium_Cost,0,118039.279601848,116637.4055374,2264.3518171840115,3718.5140589280054,1106.1657372858738
2017-07-01,2017,Q3,3,6086,64.2,66.2,3.6000000000000014,1.5154757228892417,Transition,0,51.1,32,10798,50.5,32.075,0,75.06463450538452,121964.167394807,0.01336243205879525,0.03325069253385637,121964.167394807,Medium_Cost,0,118350.229812259,118039.279601848,1608.2477984789875,3924.8877929589944,1822.5673358474548
2017-10-01,2017,Q4,4,5856,65.2,65.1,1.5999999999999943,0.9255628917943248,Transition,0,51,32.1,10693.75,50.7,32.05,0,75.48602208631351,122648.833160479,0.00561366326107624,0.03632103930038217,122648.833160479,Medium_Cost,0,118091.567779144,118350.229812259,684.6657656720054,4298.60334822,2024.962252648091
2018-01-01,2018,Q1,1,5368,67,66.5,1.4000000000000057,0.8041558721209905,Transition,0,50.900000000000006,32.2,10589.5,50.9,32.025,0,75.8880825019512,123302.096367032,0.00532628961661221,0.04412278273442937,123302.096367032,Medium_Cost,0,120355.919596328,118091.567779144,653.2632065530051,5210.5285878880095,1265.222151793055
2018-04-01,2018,Q2,2,5715,67.2,64.2,-2.799999999999997,1.0551461194229612,Transition,0,50.8,32.3,10485.25,51.1,32,0,76.9384179416575,125008.669485427,0.01384058478061158,0.03865825548676218,125008.669485427,Medium_Cost,0,121964.167394807,120355.919596328,1706.5731183949974,4652.7498890989955,1304.983596039951
2018-07-01,2018,Q3,3,6025,65.6,65.2,-1,0.9469248474227852,Transition,0,50.7,32.4,10381,51,32.1,0,78.40869145982639,127397.553234314,0.01910974461788116,0.04454903399552279,127397.553234314,Medium_Cost,0,122648.833160479,121964.167394807,2388.8837488869904,5433.385839506998,2120.099191136966
2018-10-01,2018,Q4,4,5709,67,67,1.9000000000000057,1.2685293322058668,Transition,0,50.325,32.175,10450.75,50.900000000000006,32.2,0,79.65781854225776,129427.12076079202,0.01593097728293778,0.05526581399631921,129427.12076079202,Medium_Cost,0,123302.096367032,122648.833160479,2029.567526478029,6778.287600313022,2685.6052106144866
2019-01-01,2019,Q1,1,5424,68,67.2,0.7000000000000028,1.4468356276140462,Transition,0,49.95,31.95,10520.5,50.8,32.3,0,78.8830639136432,128168.30822094702,-0.00972603371260485,0.03946576738995862,128168.30822094702,Medium_Cost,0,125008.669485427,123302.096367032,-1258.8125398450063,4866.211853915011,1859.897192093658
2019-04-01,2019,Q2,2,5489,69,65.6,1.3999999999999917,0.9983319421247968,Transition,0,49.575,31.725,10590.25,50.7,32.4,0,79.77204843571145,129612.720197044,0.01126965001057092,0.03682985132606566,129612.720197044,Medium_Cost,0,127397.553234314,125008.669485427,1444.411976096977,4604.05071161699,1053.785018580827
2019-07-01,2019,Q3,3,5940,68.2,67,1.7999999999999972,0.739369100427298,Transition,0,49.2,31.5,10660,50.325,32.175,0,81.44808833101844,132335.93082344,0.02101036551239763,0.03876351989306344,132335.93082344,Medium_Cost,0,129427.12076079202,127397.553234314,2723.2106263960013,4938.377589126001,1754.7913544300409
2019-10-01,2019,Q4,4,5576,68.8,68,1,0.9983319421247986,High_Intensity,0,50.85,30.5,10543.75,49.95,31.95,0,81.62506467395869,132623.47997967803,0.00217287288832353,0.02469620895602766,132623.47997967803,Medium_Cost,0,128168.30822094702,129427.12076079202,287.5491562380339,3196.3592188860057,2157.6838395023055
2020-01-01,2020,Q1,1,5332,66.9,69,1.7999999999999972,1.4514360704718186,High_Intensity,0,52.5,29.5,10427.5,49.575,31.725,1,81.96347382385316,133173.32333104598,0.00414589747948388,0.03905033295337295,133173.32333104598,Medium_Cost,0,129612.720197044,128168.30822094702,549.8433513679483,5005.015110098961,1587.5737175114832
2020-04-01,2020,Q2,2,5155,65.3,68.2,2.6000000000000085,0.8225975119502045,High_Intensity,0,54.15,28.5,10311.25,49.2,31.5,1,82.03265929935942,133285.73510753002,8.441013085285415e-4,0.02833838302986292,133285.73510753002,Medium_Cost,0,132335.93082344,129612.720197044,112.41177648404846,3673.014910486032,450.88661546129657
2020-07-01,2020,Q3,3,5638,66,68.8,1.7999999999999972,0.47609522856952213,High_Intensity,0,55.8,27.5,10195,50.85,30.5,1,83.71110351644965,136012.85224871003,0.02046068275033158,0.02778475507287474,136012.85224871003,Medium_Cost,0,132623.47997967803,132335.93082344,2727.1171411800024,3676.921425270033,1520.4572428207623
2020-10-01,2020,Q4,4,5330,65,66.9,-1.0999999999999943,0.9464847243000424,Transition,0,55.925,27.175,10278,52.5,29.5,1,85.89620776478725,139563.18486639895,0.02610292012108299,0.05232636700367854,139563.18486639895,Medium_Cost,0,133173.32333104598,132623.47997967803,3550.332617688924,6939.704886720923,3004.91675419627
2021-01-01,2021,Q1,1,5266,66.8,65.3,-3.700000000000003,1.5513435037626797,Transition,0,56.05,26.85,10361,54.15,28.5,1,86.83379952342763,141086.57332958604,0.01091540340416217,0.05942068426774139,141086.57332958604,Medium_Cost,0,133285.73510753002,133173.32333104598,1523.3884631870897,7913.249998540065,3516.2105556035563
2021-04-01,2021,Q2,2,5218,68.6,66,-2.200000000000003,1.5154757228892404,Transition,0,56.175,26.525,10444,55.8,27.5,1,89.88514278485768,146044.361278175,0.03514004083866905,0.09572386842711526,146044.361278175,High_Cost,1,136012.85224871003,133285.73510753002,4957.787948588957,12758.626170644971,4162.177936934945
2021-07-01,2021,Q3,3,5874,68.1,65,-3.799999999999997,0.8445906306213314,Transition,0,56.3,26.2,10527,55.925,27.175,1,92.66597199884752,150562.62106837097,0.03093758465340407,0.10697348507224246,150562.62106837097,High_Cost,1,139563.18486639895,136012.85224871003,4518.259790195967,14549.768819660938,5000.864679184597
2021-10-01,2021,Q4,4,5534,67.3,66.8,-0.10000000000000853,0.8015609770940693,Transition,0,54.974999999999994,26.425,10732,56.05,26.85,1,92.65171731770658,150539.460224009,-1.538286474901228e-4,0.07864735508950751,150539.460224009,High_Cost,1,141086.57332958604,139563.18486639895,-23.16084436196252,10976.275357610051,4512.51348307228
2022-01-01,2022,Q1,1,5052,67.1,68.6,3.299999999999997,1.5231546211727789,High_Intensity,0,53.65,26.65,10937,56.175,26.525,1,95.4496960048278,155085.584283785,0.03019888641164464,0.0992228432786202,155085.584283785,High_Cost,1,146044.361278175,141086.57332958604,4546.12405977599,13999.010954198951,3691.084711180048
2022-04-01,2022,Q2,2,4996,66.4,68.1,2.0999999999999943,1.607015867998817,High_Intensity,0,52.325,26.875,11142,56.3,26.2,1,98.6057614103409,160213.523585205,0.03306522218104767,0.09701957804479704,160213.523585205,High_Cost,1,150562.62106837097,146044.361278175,5127.939301420003,14169.162307029996,4602.066197413307
2022-07-01,2022,Q3,3,5378,67.3,67.3,2.299999999999997,0.8041558721209864,Transition,0,51,27.1,11347,54.974999999999994,26.425,1,102.39046535461588,166362.867659694,0.03838217858817805,0.10494136246570966,166362.867659694,High_Cost,1,150539.460224009,150562.62106837097,6149.344074488996,15800.246591323026,6806.383542461286
2022-10-01,2022,Q4,4,5092,68.4,67.1,0.29999999999999716,0.699404508611909,Transition,0,50.525,27.875,11340,53.65,26.65,1,102.00027341551672,165728.88821931,-0.00381082298774392,0.10089997647591945,165728.88821931,High_Cost,1,155085.584283785,150539.460224009,-633.9794403839915,15189.427995300995,5286.684610162767
2023-01-01,2023,Q1,1,4821,68.1,66.4,-2.1999999999999886,0.6994045086119052,Transition,0,50.05,28.65,11333,52.325,26.875,1,100,162478.866643997,-0.01961047111480023,0.04767227330867595,162478.866643997,High_Cost,1,160213.523585205,155085.584283785,-3250.0215753130033,7393.282360212004,2878.3023472811647
2023-04-01,2023,Q2,2,4762,68.4,67.3,-0.7999999999999972,0.4272001872658722,Transition,0,49.575,29.425,11326,51,27.1,1,101.2977289772377,164587.401978323,0.01297728977237696,0.02730030708544869,164587.401978323,High_Cost,1,166362.867659694,160213.523585205,2108.5353343260067,4373.878393118008,1706.6347134286175
2023-07-01,2023,Q3,3,5205,68.7,68.4,1.1000000000000083,0.8286535263104045,High_Intensity,0,49.1,30.2,11319,50.525,27.875,1,104.46059654915584,169726.39336262597,0.03122347957700882,0.02021800748116869,169726.39336262597,High_Cost,1,165728.88821931,166362.867659694,5138.991384302964,3363.5257029319764,3044.4960679134088
2023-10-01,2023,Q4,4,5081,69.5,68.1,1,0.8962886439832486,High_Intensity,0,48.85,30.5,11411.5,50.05,28.65,1,103.49496677610676,168157.449051399,-0.00924396188561581,0.01465381719616713,168157.449051399,High_Cost,1,162478.866643997,165728.88821931,-1568.94431122698,2428.560832088988,3301.955452892618
2024-01-01,2024,Q1,1,4758,70,68.4,2,0.5196152422706669,High_Intensity,0,48.6,30.799999999999997,11504,49.575,29.425,1,104.05041145210136,169059.92926578998,0.00536687621917126,0.04050411452101372,169059.92926578998,High_Cost,1,164587.401978323,162478.866643997,902.480214390991,6581.062621792982,2289.071865599049
2024-04-01,2024,Q2,2,4721,70.4,68.7,1.4000000000000057,0.2449489742783213,High_Intensity,0,48.35,31.1,11596.5,49.1,30.2,1,107.96372694051676,175418.239919571,0.03760980311180063,0.06580599615196654,175418.239919571,High_Cost,1,169726.39336262597,164587.401978323,6358.310653781024,10830.837941248,3282.07945783605
2024-07-01,2024,Q3,3,5020,68.9,69.5,1.0999999999999943,0.6020797289396157,High_Intensity,1,48.1,31.4,11689,48.85,30.5,1,111.07119978208692,180467.226573824,0.02878256364086293,0.06328322306507535,180467.226573824,High_Cost,1,168157.449051399,169726.39336262597,5048.986654253007,10740.833211198042,5781.515009774603
2024-10-01,2024,Q4,4,4726,68.7,70,1.9000000000000057,0.7325753658611945,High_Intensity,1,48.1,31.4,11689,48.6,30.799999999999997,1,112.21128771943958,182319.62853318,0.01026447845696656,0.08421975691039209,182319.62853318,High_Cost,1,169059.92926578998,168157.449051399,1852.4019593559788,14162.179481781,5936.658676922788
